{
  "project_info": {
    "project_number": "1088435112418",
    "firebase_url": "https://chat-sdk-v4.firebaseio.com",
    "project_id": "chat-sdk-v4",
    "storage_bucket": "chat-sdk-v4.appspot.com"
  },
  "client": [
    {
      "client_info": {
        "mobilesdk_app_id": "1:1088435112418:android:46bdc808f7259a67",
        "android_client_info": {
          "package_name": "co.chatsdk.android.app"
        }
      },
      "oauth_client": [
        {
          "client_id": "1088435112418-7gfr9061rqnlg5fj1d510unql3mu5qjp.apps.googleusercontent.com",
          "client_type": 3
        },
        {
          "client_id": "1088435112418-u2pgfd0d71kag3eneua4enu29c6opmbh.apps.googleusercontent.com",
          "client_type": 1,
          "android_info": {
            "package_name": "co.chatsdk.android.app",
            "certificate_hash": "e4e36b1e2f9ac7d7b8e867e08c94cb1dbfaaf9c4"
          }
        },
        {
          "client_id": "1088435112418-e3t77t8jl2ucs8efeqs72o696in8soui.apps.googleusercontent.com",
          "client_type": 3
        }
      ],
      "api_key": [
        {
          "current_key": "AIzaSyAf-dkxZw1m-mP_E-jpTvk1lFtGioev6m0"
        }
      ],
      "services": {
        "analytics_service": {
          "status": 1
        },
        "appinvite_service": {
          "status": 2,
          "other_platform_oauth_client": [
            {
              "client_id": "1088435112418-7gfr9061rqnlg5fj1d510unql3mu5qjp.apps.googleusercontent.com",
              "client_type": 3
            },
            {
              "client_id": "1088435112418-o7l3giqg2sgj2nhkhndub28mqvo7jq3i.apps.googleusercontent.com",
              "client_type": 2,
              "ios_info": {
                "bundle_id": "co.deluge.ChatSDKAll"
              }
            }
          ]
        },
        "ads_service": {
          "status": 2
        }
      }
    },
    {
      "client_info": {
        "mobilesdk_app_id": "1:1088435112418:android:0ce10c1fe6beefb5",
        "android_client_info": {
          "package_name": "co.chatsdk.firebase"
        }
      },
      "oauth_client": [
        {
          "client_id": "1088435112418-7gfr9061rqnlg5fj1d510unql3mu5qjp.apps.googleusercontent.com",
          "client_type": 3
        },
        {
          "client_id": "1088435112418-b8acml7kbch1bae2ngkicimg11qe9d5g.apps.googleusercontent.com",
          "client_type": 1,
          "android_info": {
            "package_name": "co.chatsdk.firebase",
            "certificate_hash": "e4e36b1e2f9ac7d7b8e867e08c94cb1dbfaaf9c4"
          }
        },
        {
          "client_id": "1088435112418-e3t77t8jl2ucs8efeqs72o696in8soui.apps.googleusercontent.com",
          "client_type": 3
        }
      ],
      "api_key": [
        {
          "current_key": "AIzaSyAf-dkxZw1m-mP_E-jpTvk1lFtGioev6m0"
        }
      ],
      "services": {
        "analytics_service": {
          "status": 1
        },
        "appinvite_service": {
          "status": 2,
          "other_platform_oauth_client": [
            {
              "client_id": "1088435112418-7gfr9061rqnlg5fj1d510unql3mu5qjp.apps.googleusercontent.com",
              "client_type": 3
            },
            {
              "client_id": "1088435112418-o7l3giqg2sgj2nhkhndub28mqvo7jq3i.apps.googleusercontent.com",
              "client_type": 2,
              "ios_info": {
                "bundle_id": "co.deluge.ChatSDKAll"
              }
            }
          ]
        },
        "ads_service": {
          "status": 2
        }
      }
    },
    {
      "client_info": {
        "mobilesdk_app_id": "1:1088435112418:android:2f90496f1e628df1",
        "android_client_info": {
          "package_name": "com.braunster.androidchatsdk.app"
        }
      },
      "oauth_client": [
        {
          "client_id": "1088435112418-7gfr9061rqnlg5fj1d510unql3mu5qjp.apps.googleusercontent.com",
          "client_type": 3
        },
        {
          "client_id": "1088435112418-e3t77t8jl2ucs8efeqs72o696in8soui.apps.googleusercontent.com",
          "client_type": 3
        }
      ],
      "api_key": [
        {
          "current_key": "AIzaSyAf-dkxZw1m-mP_E-jpTvk1lFtGioev6m0"
        }
      ],
      "services": {
        "analytics_service": {
          "status": 1
        },
        "appinvite_service": {
          "status": 1,
          "other_platform_oauth_client": []
        },
        "ads_service": {
          "status": 2
        }
      }
    },
    {
      "client_info": {
        "mobilesdk_app_id": "1:1088435112418:android:55b96633bb34c794",
        "android_client_info": {
          "package_name": "com.braunster.androidchatsdk.firebaseplugin"
        }
      },
      "oauth_client": [
        {
          "client_id": "1088435112418-7gfr9061rqnlg5fj1d510unql3mu5qjp.apps.googleusercontent.com",
          "client_type": 3
        },
        {
          "client_id": "1088435112418-e3t77t8jl2ucs8efeqs72o696in8soui.apps.googleusercontent.com",
          "client_type": 3
        }
      ],
      "api_key": [
        {
          "current_key": "AIzaSyAf-dkxZw1m-mP_E-jpTvk1lFtGioev6m0"
        }
      ],
      "services": {
        "analytics_service": {
          "status": 1
        },
        "appinvite_service": {
          "status": 1,
          "other_platform_oauth_client": []
        },
        "ads_service": {
          "status": 2
        }
      }
    },
    {
      "client_info": {
        "mobilesdk_app_id": "1:1088435112418:android:a47e5a4c00163c12",
        "android_client_info": {
          "package_name": "com.braunster.chatsdk"
        }
      },
      "oauth_client": [
        {
          "client_id": "1088435112418-7gfr9061rqnlg5fj1d510unql3mu5qjp.apps.googleusercontent.com",
          "client_type": 3
        },
        {
          "client_id": "1088435112418-e3t77t8jl2ucs8efeqs72o696in8soui.apps.googleusercontent.com",
          "client_type": 3
        }
      ],
      "api_key": [
        {
          "current_key": "AIzaSyAf-dkxZw1m-mP_E-jpTvk1lFtGioev6m0"
        }
      ],
      "services": {
        "analytics_service": {
          "status": 1
        },
        "appinvite_service": {
          "status": 1,
          "other_platform_oauth_client": []
        },
        "ads_service": {
          "status": 2
        }
      }
    },
    {
      "client_info": {
        "mobilesdk_app_id": "1:1088435112418:android:b48dafa6d44fad57",
        "android_client_info": {
          "package_name": "com.example.simonsmiley_andrews.addchatsdkandroid"
        }
      },
      "oauth_client": [
        {
          "client_id": "1088435112418-7gfr9061rqnlg5fj1d510unql3mu5qjp.apps.googleusercontent.com",
          "client_type": 3
        },
        {
          "client_id": "1088435112418-e3t77t8jl2ucs8efeqs72o696in8soui.apps.googleusercontent.com",
          "client_type": 3
        }
      ],
      "api_key": [
        {
          "current_key": "AIzaSyAf-dkxZw1m-mP_E-jpTvk1lFtGioev6m0"
        }
      ],
      "services": {
        "analytics_service": {
          "status": 1
        },
        "appinvite_service": {
          "status": 1,
          "other_platform_oauth_client": []
        },
        "ads_service": {
          "status": 2
        }
      }
    }
  ],
  "configuration_version": "1"
}